{
	"formatVersion": 1,
	"appVersion": "0.51.2",
	"files": [
		{
			"isClone": false,
			"noteId": "reWBkKKY4h4a",
			"notePath": [
				"reWBkKKY4h4a"
			],
			"title": "主题",
			"notePosition": 70,
			"prefix": null,
			"isExpanded": true,
			"type": "text",
			"mime": "text/html",
			"attributes": [],
			"format": "html",
			"dirFileName": "主题",
			"children": [
				{
					"isClone": false,
					"noteId": "Bsec8BQE4Z5H",
					"notePath": [
						"reWBkKKY4h4a",
						"Bsec8BQE4Z5H"
					],
					"title": "TreeColor",
					"notePosition": 40,
					"prefix": null,
					"isExpanded": false,
					"type": "code",
					"mime": "text/css",
					"attributes": [
						{
							"type": "label",
							"name": "appCss",
							"value": "",
							"isInheritable": false,
							"position": 10
						}
					],
					"dataFileName": "TreeColor.css"
				},
				{
					"isClone": false,
					"noteId": "Fm9IppsG9Gxo",
					"notePath": [
						"reWBkKKY4h4a",
						"Fm9IppsG9Gxo"
					],
					"title": "blue-theme ",
					"notePosition": 50,
					"prefix": null,
					"isExpanded": false,
					"type": "code",
					"mime": "text/css",
					"attributes": [
						{
							"type": "label",
							"name": "appTheme",
							"value": "blue-theme",
							"isInheritable": false,
							"position": 10
						}
					],
					"dataFileName": "blue-theme.css"
				},
				{
					"isClone": false,
					"noteId": "rRcdpfa4XpRW",
					"notePath": [
						"reWBkKKY4h4a",
						"rRcdpfa4XpRW"
					],
					"title": "思源黑体",
					"notePosition": 60,
					"prefix": null,
					"isExpanded": false,
					"type": "code",
					"mime": "text/css",
					"attributes": [],
					"dirFileName": "思源黑体",
					"children": [
						{
							"isClone": false,
							"noteId": "Ma23u3IgDfjg",
							"notePath": [
								"reWBkKKY4h4a",
								"rRcdpfa4XpRW",
								"Ma23u3IgDfjg"
							],
							"title": "SourceHanSansSC-Regular.woff2",
							"notePosition": 40,
							"prefix": "",
							"isExpanded": false,
							"type": "file",
							"mime": "font/woff2",
							"attributes": [
								{
									"type": "label",
									"name": "originalFileName",
									"value": "SourceHanSansSC-Regular.woff2",
									"isInheritable": false,
									"position": 10
								},
								{
									"type": "label",
									"name": "customResourceProvider",
									"value": "fonts/syhtr.woff2",
									"isInheritable": false,
									"position": 20
								}
							],
							"dataFileName": "SourceHanSansSC-Regular.woff2"
						},
						{
							"isClone": false,
							"noteId": "6ZrVe2caVA1r",
							"notePath": [
								"reWBkKKY4h4a",
								"rRcdpfa4XpRW",
								"6ZrVe2caVA1r"
							],
							"title": "SourceHanSansSC-Light.woff2",
							"notePosition": 20,
							"prefix": "",
							"isExpanded": false,
							"type": "file",
							"mime": "font/woff2",
							"attributes": [
								{
									"type": "label",
									"name": "originalFileName",
									"value": "SourceHanSansSC-Light.woff2",
									"isInheritable": false,
									"position": 20
								},
								{
									"type": "label",
									"name": "customResourceProvider",
									"value": "fonts/syhtl.woff2",
									"isInheritable": false,
									"position": 10
								}
							],
							"dataFileName": "SourceHanSansSC-Light.woff2"
						},
						{
							"isClone": false,
							"noteId": "IdLGCdr4A81z",
							"notePath": [
								"reWBkKKY4h4a",
								"rRcdpfa4XpRW",
								"IdLGCdr4A81z"
							],
							"title": "SourceHanSansSC-Normal.woff2",
							"notePosition": 30,
							"prefix": "",
							"isExpanded": false,
							"type": "file",
							"mime": "font/woff2",
							"attributes": [
								{
									"type": "label",
									"name": "originalFileName",
									"value": "SourceHanSansSC-Normal.woff2",
									"isInheritable": false,
									"position": 10
								},
								{
									"type": "label",
									"name": "customResourceProvider",
									"value": "fonts/syhtn.woff2",
									"isInheritable": false,
									"position": 20
								}
							],
							"dataFileName": "SourceHanSansSC-Normal.woff2"
						},
						{
							"isClone": false,
							"noteId": "UluTZ0Qsuc1G",
							"notePath": [
								"reWBkKKY4h4a",
								"rRcdpfa4XpRW",
								"UluTZ0Qsuc1G"
							],
							"title": "SourceHanSansSC-Bold.woff2",
							"notePosition": 10,
							"prefix": "",
							"isExpanded": false,
							"type": "file",
							"mime": "font/woff2",
							"attributes": [
								{
									"type": "label",
									"name": "originalFileName",
									"value": "SourceHanSansSC-Bold.woff2",
									"isInheritable": false,
									"position": 10
								},
								{
									"type": "label",
									"name": "customResourceProvider",
									"value": "fonts/syhtb.woff2",
									"isInheritable": false,
									"position": 20
								}
							],
							"dataFileName": "SourceHanSansSC-Bold.woff2"
						},
						{
							"isClone": false,
							"noteId": "tiYYmwUxyDpb",
							"notePath": [
								"reWBkKKY4h4a",
								"rRcdpfa4XpRW",
								"tiYYmwUxyDpb"
							],
							"title": "SourceHanSansSC-Medium.woff2",
							"notePosition": 50,
							"prefix": null,
							"isExpanded": false,
							"type": "file",
							"mime": "font/woff2",
							"attributes": [
								{
									"type": "label",
									"name": "originalFileName",
									"value": "SourceHanSansSC-Medium.woff2",
									"isInheritable": false,
									"position": 20
								},
								{
									"type": "label",
									"name": "customResourceProvider",
									"value": "fonts/syhtm.woff2",
									"isInheritable": false,
									"position": 10
								}
							],
							"dataFileName": "SourceHanSansSC-Medium.woff2"
						},
						{
							"isClone": false,
							"noteId": "bI5cawPHgUbE",
							"notePath": [
								"reWBkKKY4h4a",
								"rRcdpfa4XpRW",
								"bI5cawPHgUbE"
							],
							"title": "SourceHanSansSC-Heavy.woff2",
							"notePosition": 60,
							"prefix": null,
							"isExpanded": false,
							"type": "file",
							"mime": "font/woff2",
							"attributes": [
								{
									"type": "label",
									"name": "originalFileName",
									"value": "SourceHanSansSC-Heavy.woff2",
									"isInheritable": false,
									"position": 20
								},
								{
									"type": "label",
									"name": "customResourceProvider",
									"value": "fonts/syhth.woff2",
									"isInheritable": false,
									"position": 10
								}
							],
							"dataFileName": "SourceHanSansSC-Heavy.woff2"
						}
					]
				},
				{
					"isClone": false,
					"noteId": "JpBIxZc4sqh5",
					"notePath": [
						"reWBkKKY4h4a",
						"JpBIxZc4sqh5"
					],
					"title": "background.png",
					"notePosition": 70,
					"prefix": null,
					"isExpanded": false,
					"type": "image",
					"mime": "image/png",
					"attributes": [
						{
							"type": "label",
							"name": "originalFileName",
							"value": "background.png",
							"isInheritable": false,
							"position": 10
						},
						{
							"type": "label",
							"name": "customResourceProvider",
							"value": "background.png",
							"isInheritable": false,
							"position": 20
						}
					],
					"dataFileName": "background.png"
				},
				{
					"isClone": false,
					"noteId": "pXtSPWU95rUu",
					"notePath": [
						"reWBkKKY4h4a",
						"pXtSPWU95rUu"
					],
					"title": "微软雅黑",
					"notePosition": 80,
					"prefix": null,
					"isExpanded": false,
					"type": "text",
					"mime": "text/html",
					"attributes": [],
					"format": "html",
					"dirFileName": "微软雅黑",
					"children": [
						{
							"isClone": false,
							"noteId": "MMwkouiDcUlh",
							"notePath": [
								"reWBkKKY4h4a",
								"pXtSPWU95rUu",
								"MMwkouiDcUlh"
							],
							"title": "MicrosoftYaHei.woff2",
							"notePosition": 0,
							"prefix": "",
							"isExpanded": false,
							"type": "file",
							"mime": "font/woff2",
							"attributes": [
								{
									"type": "label",
									"name": "disabled:customResourceProvider",
									"value": "fonts/msyh.woff2",
									"isInheritable": false,
									"position": 10
								},
								{
									"type": "label",
									"name": "originalFileName",
									"value": "MicrosoftYaHei.woff2",
									"isInheritable": false,
									"position": 20
								}
							],
							"dataFileName": "MicrosoftYaHei.woff2"
						},
						{
							"isClone": false,
							"noteId": "FlCUrZxT3bWn",
							"notePath": [
								"reWBkKKY4h4a",
								"pXtSPWU95rUu",
								"FlCUrZxT3bWn"
							],
							"title": "MicrosoftYaHeiLight.woff2",
							"notePosition": 20,
							"prefix": "",
							"isExpanded": false,
							"type": "file",
							"mime": "font/woff2",
							"attributes": [
								{
									"type": "label",
									"name": "disabled:customResourceProvider",
									"value": "fonts/msyhl.woff2",
									"isInheritable": false,
									"position": 20
								},
								{
									"type": "label",
									"name": "originalFileName",
									"value": "MicrosoftYaHeiLight.woff2",
									"isInheritable": false,
									"position": 10
								}
							],
							"dataFileName": "MicrosoftYaHeiLight.woff2"
						},
						{
							"isClone": false,
							"noteId": "xk5re3iSDbqH",
							"notePath": [
								"reWBkKKY4h4a",
								"pXtSPWU95rUu",
								"xk5re3iSDbqH"
							],
							"title": "MicrosoftYaHei-Bold.woff2",
							"notePosition": 10,
							"prefix": "",
							"isExpanded": false,
							"type": "file",
							"mime": "font/woff2",
							"attributes": [
								{
									"type": "label",
									"name": "originalFileName",
									"value": "MicrosoftYaHei-Bold.woff2",
									"isInheritable": false,
									"position": 10
								},
								{
									"type": "label",
									"name": "disabled:customResourceProvider",
									"value": "fonts/msyhb.woff2",
									"isInheritable": false,
									"position": 20
								}
							],
							"dataFileName": "MicrosoftYaHei-Bold.woff2"
						}
					]
				}
			]
		},
		{
			"noImport": true,
			"dataFileName": "navigation.html"
		},
		{
			"noImport": true,
			"dataFileName": "index.html"
		},
		{
			"noImport": true,
			"dataFileName": "style.css"
		}
	]
}