{
	"formatVersion": 1,
	"appVersion": "0.51.2",
	"files": [
		{
			"isClone": false,
			"noteId": "XlBTiniSe5Ts",
			"notePath": [
				"XlBTiniSe5Ts"
			],
			"title": "blue-theme",
			"notePosition": 30,
			"prefix": null,
			"isExpanded": false,
			"type": "code",
			"mime": "text/css",
			"attributes": [
				{
					"type": "label",
					"name": "appTheme",
					"value": "blue-theme",
					"isInheritable": false,
					"position": 10
				},
				{
					"type": "label",
					"name": "autoReadOnlyDisabled",
					"value": "",
					"isInheritable": false,
					"position": 11
				}
			],
			"dataFileName": "blue-theme.css",
			"dirFileName": "blue-theme",
			"children": [
				{
					"isClone": false,
					"noteId": "rRcdpfa4XpRW",
					"notePath": [
						"XlBTiniSe5Ts",
						"rRcdpfa4XpRW"
					],
					"title": "思源黑体",
					"notePosition": 0,
					"prefix": null,
					"isExpanded": false,
					"type": "code",
					"mime": "text/css",
					"attributes": [],
					"dirFileName": "思源黑体",
					"children": [
						{
							"isClone": false,
							"noteId": "Ma23u3IgDfjg",
							"notePath": [
								"XlBTiniSe5Ts",
								"rRcdpfa4XpRW",
								"Ma23u3IgDfjg"
							],
							"title": "SourceHanSansSC-Regular.woff2",
							"notePosition": 40,
							"prefix": "",
							"isExpanded": false,
							"type": "file",
							"mime": "font/woff2",
							"attributes": [
								{
									"type": "label",
									"name": "originalFileName",
									"value": "SourceHanSansSC-Regular.woff2",
									"isInheritable": false,
									"position": 10
								},
								{
									"type": "label",
									"name": "customResourceProvider",
									"value": "fonts/syhtr.woff2",
									"isInheritable": false,
									"position": 20
								}
							],
							"dataFileName": "SourceHanSansSC-Regular.woff2"
						},
						{
							"isClone": false,
							"noteId": "6ZrVe2caVA1r",
							"notePath": [
								"XlBTiniSe5Ts",
								"rRcdpfa4XpRW",
								"6ZrVe2caVA1r"
							],
							"title": "SourceHanSansSC-Light.woff2",
							"notePosition": 20,
							"prefix": "",
							"isExpanded": false,
							"type": "file",
							"mime": "font/woff2",
							"attributes": [
								{
									"type": "label",
									"name": "originalFileName",
									"value": "SourceHanSansSC-Light.woff2",
									"isInheritable": false,
									"position": 20
								},
								{
									"type": "label",
									"name": "customResourceProvider",
									"value": "fonts/syhtl.woff2",
									"isInheritable": false,
									"position": 10
								}
							],
							"dataFileName": "SourceHanSansSC-Light.woff2"
						},
						{
							"isClone": false,
							"noteId": "IdLGCdr4A81z",
							"notePath": [
								"XlBTiniSe5Ts",
								"rRcdpfa4XpRW",
								"IdLGCdr4A81z"
							],
							"title": "SourceHanSansSC-Normal.woff2",
							"notePosition": 30,
							"prefix": "",
							"isExpanded": false,
							"type": "file",
							"mime": "font/woff2",
							"attributes": [
								{
									"type": "label",
									"name": "originalFileName",
									"value": "SourceHanSansSC-Normal.woff2",
									"isInheritable": false,
									"position": 10
								},
								{
									"type": "label",
									"name": "customResourceProvider",
									"value": "fonts/syhtn.woff2",
									"isInheritable": false,
									"position": 20
								}
							],
							"dataFileName": "SourceHanSansSC-Normal.woff2"
						},
						{
							"isClone": false,
							"noteId": "UluTZ0Qsuc1G",
							"notePath": [
								"XlBTiniSe5Ts",
								"rRcdpfa4XpRW",
								"UluTZ0Qsuc1G"
							],
							"title": "SourceHanSansSC-Bold.woff2",
							"notePosition": 10,
							"prefix": "",
							"isExpanded": false,
							"type": "file",
							"mime": "font/woff2",
							"attributes": [
								{
									"type": "label",
									"name": "originalFileName",
									"value": "SourceHanSansSC-Bold.woff2",
									"isInheritable": false,
									"position": 10
								},
								{
									"type": "label",
									"name": "customResourceProvider",
									"value": "fonts/syhtb.woff2",
									"isInheritable": false,
									"position": 20
								}
							],
							"dataFileName": "SourceHanSansSC-Bold.woff2"
						},
						{
							"isClone": false,
							"noteId": "tiYYmwUxyDpb",
							"notePath": [
								"XlBTiniSe5Ts",
								"rRcdpfa4XpRW",
								"tiYYmwUxyDpb"
							],
							"title": "SourceHanSansSC-Medium.woff2",
							"notePosition": 50,
							"prefix": null,
							"isExpanded": false,
							"type": "file",
							"mime": "font/woff2",
							"attributes": [
								{
									"type": "label",
									"name": "originalFileName",
									"value": "SourceHanSansSC-Medium.woff2",
									"isInheritable": false,
									"position": 20
								},
								{
									"type": "label",
									"name": "customResourceProvider",
									"value": "fonts/syhtm.woff2",
									"isInheritable": false,
									"position": 10
								}
							],
							"dataFileName": "SourceHanSansSC-Medium.woff2"
						},
						{
							"isClone": false,
							"noteId": "bI5cawPHgUbE",
							"notePath": [
								"XlBTiniSe5Ts",
								"rRcdpfa4XpRW",
								"bI5cawPHgUbE"
							],
							"title": "SourceHanSansSC-Heavy.woff2",
							"notePosition": 60,
							"prefix": null,
							"isExpanded": false,
							"type": "file",
							"mime": "font/woff2",
							"attributes": [
								{
									"type": "label",
									"name": "originalFileName",
									"value": "SourceHanSansSC-Heavy.woff2",
									"isInheritable": false,
									"position": 20
								},
								{
									"type": "label",
									"name": "customResourceProvider",
									"value": "fonts/syhth.woff2",
									"isInheritable": false,
									"position": 10
								}
							],
							"dataFileName": "SourceHanSansSC-Heavy.woff2"
						}
					]
				},
				{
					"isClone": false,
					"noteId": "JpBIxZc4sqh5",
					"notePath": [
						"XlBTiniSe5Ts",
						"JpBIxZc4sqh5"
					],
					"title": "background.png",
					"notePosition": 10,
					"prefix": null,
					"isExpanded": false,
					"type": "image",
					"mime": "image/png",
					"attributes": [
						{
							"type": "label",
							"name": "originalFileName",
							"value": "background.png",
							"isInheritable": false,
							"position": 10
						},
						{
							"type": "label",
							"name": "customResourceProvider",
							"value": "background.png",
							"isInheritable": false,
							"position": 20
						}
					],
					"dataFileName": "background.png"
				}
			]
		},
		{
			"noImport": true,
			"dataFileName": "navigation.html"
		},
		{
			"noImport": true,
			"dataFileName": "index.html"
		},
		{
			"noImport": true,
			"dataFileName": "style.css"
		}
	]
}