{
	"formatVersion": 1,
	"appVersion": "0.51.2",
	"files": [
		{
			"isClone": false,
			"noteId": "x6PaJZqzYMHu",
			"notePath": [
				"x6PaJZqzYMHu"
			],
			"title": "blue-theme",
			"notePosition": 30,
			"prefix": null,
			"isExpanded": false,
			"type": "code",
			"mime": "text/css",
			"attributes": [
				{
					"type": "label",
					"name": "appTheme",
					"value": "blue-theme",
					"isInheritable": false,
					"position": 10
				}
			],
			"dataFileName": "blue-theme.css",
			"dirFileName": "blue-theme",
			"children": [
				{
					"isClone": false,
					"noteId": "YyT2JN2lQkst",
					"notePath": [
						"x6PaJZqzYMHu",
						"YyT2JN2lQkst"
					],
					"title": "思源黑体",
					"notePosition": 0,
					"prefix": null,
					"isExpanded": false,
					"type": "code",
					"mime": "text/css",
					"attributes": [],
					"dirFileName": "思源黑体",
					"children": [
						{
							"isClone": false,
							"noteId": "xDW9eqZdGL9G",
							"notePath": [
								"x6PaJZqzYMHu",
								"YyT2JN2lQkst",
								"xDW9eqZdGL9G"
							],
							"title": "SourceHanSansSC-Bold.woff2",
							"notePosition": 10,
							"prefix": "",
							"isExpanded": false,
							"type": "file",
							"mime": "font/woff2",
							"attributes": [
								{
									"type": "label",
									"name": "originalFileName",
									"value": "SourceHanSansSC-Bold.woff2",
									"isInheritable": false,
									"position": 10
								},
								{
									"type": "label",
									"name": "customResourceProvider",
									"value": "fonts/syhtb.woff2",
									"isInheritable": false,
									"position": 20
								}
							],
							"dataFileName": "SourceHanSansSC-Bold.woff2"
						},
						{
							"isClone": false,
							"noteId": "0i5PiuBTL0dM",
							"notePath": [
								"x6PaJZqzYMHu",
								"YyT2JN2lQkst",
								"0i5PiuBTL0dM"
							],
							"title": "SourceHanSansSC-Light.woff2",
							"notePosition": 20,
							"prefix": "",
							"isExpanded": false,
							"type": "file",
							"mime": "font/woff2",
							"attributes": [
								{
									"type": "label",
									"name": "originalFileName",
									"value": "SourceHanSansSC-Light.woff2",
									"isInheritable": false,
									"position": 10
								},
								{
									"type": "label",
									"name": "customResourceProvider",
									"value": "fonts/syhtl.woff2",
									"isInheritable": false,
									"position": 20
								}
							],
							"dataFileName": "SourceHanSansSC-Light.woff2"
						},
						{
							"isClone": false,
							"noteId": "RHKI1upoIfib",
							"notePath": [
								"x6PaJZqzYMHu",
								"YyT2JN2lQkst",
								"RHKI1upoIfib"
							],
							"title": "SourceHanSansSC-Normal.woff2",
							"notePosition": 30,
							"prefix": "",
							"isExpanded": false,
							"type": "file",
							"mime": "font/woff2",
							"attributes": [
								{
									"type": "label",
									"name": "originalFileName",
									"value": "SourceHanSansSC-Normal.woff2",
									"isInheritable": false,
									"position": 10
								},
								{
									"type": "label",
									"name": "customResourceProvider",
									"value": "fonts/syhtn.woff2",
									"isInheritable": false,
									"position": 20
								}
							],
							"dataFileName": "SourceHanSansSC-Normal.woff2"
						},
						{
							"isClone": false,
							"noteId": "v2WjT16c2s0k",
							"notePath": [
								"x6PaJZqzYMHu",
								"YyT2JN2lQkst",
								"v2WjT16c2s0k"
							],
							"title": "SourceHanSansSC-Regular.woff2",
							"notePosition": 40,
							"prefix": "",
							"isExpanded": false,
							"type": "file",
							"mime": "font/woff2",
							"attributes": [
								{
									"type": "label",
									"name": "originalFileName",
									"value": "SourceHanSansSC-Regular.woff2",
									"isInheritable": false,
									"position": 10
								},
								{
									"type": "label",
									"name": "customResourceProvider",
									"value": "fonts/syhtr.woff2",
									"isInheritable": false,
									"position": 20
								}
							],
							"dataFileName": "SourceHanSansSC-Regular.woff2"
						},
						{
							"isClone": false,
							"noteId": "YLEN1xb6khNO",
							"notePath": [
								"x6PaJZqzYMHu",
								"YyT2JN2lQkst",
								"YLEN1xb6khNO"
							],
							"title": "SourceHanSansSC-Medium.woff2",
							"notePosition": 50,
							"prefix": null,
							"isExpanded": false,
							"type": "file",
							"mime": "font/woff2",
							"attributes": [
								{
									"type": "label",
									"name": "originalFileName",
									"value": "SourceHanSansSC-Medium.woff2",
									"isInheritable": false,
									"position": 10
								},
								{
									"type": "label",
									"name": "customResourceProvider",
									"value": "fonts/syhtm.woff2",
									"isInheritable": false,
									"position": 20
								}
							],
							"dataFileName": "SourceHanSansSC-Medium.woff2"
						},
						{
							"isClone": false,
							"noteId": "0fUnmo1BEYtL",
							"notePath": [
								"x6PaJZqzYMHu",
								"YyT2JN2lQkst",
								"0fUnmo1BEYtL"
							],
							"title": "SourceHanSansSC-Heavy.woff2",
							"notePosition": 60,
							"prefix": null,
							"isExpanded": false,
							"type": "file",
							"mime": "font/woff2",
							"attributes": [
								{
									"type": "label",
									"name": "originalFileName",
									"value": "SourceHanSansSC-Heavy.woff2",
									"isInheritable": false,
									"position": 10
								},
								{
									"type": "label",
									"name": "customResourceProvider",
									"value": "fonts/syhth.woff2",
									"isInheritable": false,
									"position": 20
								}
							],
							"dataFileName": "SourceHanSansSC-Heavy.woff2"
						}
					]
				}
			]
		},
		{
			"noImport": true,
			"dataFileName": "navigation.html"
		},
		{
			"noImport": true,
			"dataFileName": "index.html"
		},
		{
			"noImport": true,
			"dataFileName": "style.css"
		}
	]
}