{
	"formatVersion": 1,
	"appVersion": "0.58.6",
	"files": [
		{
			"isClone": false,
			"noteId": "czH8B4ELv65p",
			"notePath": [
				"czH8B4ELv65p"
			],
			"title": "font-style",
			"notePosition": 100,
			"prefix": null,
			"isExpanded": true,
			"type": "code",
			"mime": "text/css",
			"attributes": [
				{
					"type": "label",
					"name": "appCss",
					"value": "",
					"isInheritable": false,
					"position": 10
				}
			],
			"dataFileName": "font-style.css",
			"dirFileName": "font-style",
			"children": [
				{
					"isClone": false,
					"noteId": "rRcdpfa4XpRW",
					"notePath": [
						"czH8B4ELv65p",
						"rRcdpfa4XpRW"
					],
					"title": "syht",
					"notePosition": 0,
					"prefix": null,
					"isExpanded": true,
					"type": "text",
					"mime": "text/html",
					"attributes": [],
					"format": "html",
					"dirFileName": "syht",
					"children": [
						{
							"isClone": false,
							"noteId": "Ma23u3IgDfjg",
							"notePath": [
								"czH8B4ELv65p",
								"rRcdpfa4XpRW",
								"Ma23u3IgDfjg"
							],
							"title": "SourceHanSansSC-Regular.woff2",
							"notePosition": 40,
							"prefix": "",
							"isExpanded": false,
							"type": "file",
							"mime": "font/woff2",
							"attributes": [
								{
									"type": "label",
									"name": "originalFileName",
									"value": "SourceHanSansSC-Regular.woff2",
									"isInheritable": false,
									"position": 10
								},
								{
									"type": "label",
									"name": "customResourceProvider",
									"value": "fonts/syhtr.woff2",
									"isInheritable": false,
									"position": 20
								}
							],
							"dataFileName": "SourceHanSansSC-Regular.woff2"
						},
						{
							"isClone": false,
							"noteId": "6ZrVe2caVA1r",
							"notePath": [
								"czH8B4ELv65p",
								"rRcdpfa4XpRW",
								"6ZrVe2caVA1r"
							],
							"title": "SourceHanSansSC-Light.woff2",
							"notePosition": 20,
							"prefix": "",
							"isExpanded": false,
							"type": "file",
							"mime": "font/woff2",
							"attributes": [
								{
									"type": "label",
									"name": "customResourceProvider",
									"value": "fonts/syhtl.woff2",
									"isInheritable": false,
									"position": 10
								},
								{
									"type": "label",
									"name": "originalFileName",
									"value": "SourceHanSansSC-Light.woff2",
									"isInheritable": false,
									"position": 20
								}
							],
							"dataFileName": "SourceHanSansSC-Light.woff2"
						},
						{
							"isClone": false,
							"noteId": "IdLGCdr4A81z",
							"notePath": [
								"czH8B4ELv65p",
								"rRcdpfa4XpRW",
								"IdLGCdr4A81z"
							],
							"title": "SourceHanSansSC-Normal.woff2",
							"notePosition": 30,
							"prefix": "",
							"isExpanded": false,
							"type": "file",
							"mime": "font/woff2",
							"attributes": [
								{
									"type": "label",
									"name": "originalFileName",
									"value": "SourceHanSansSC-Normal.woff2",
									"isInheritable": false,
									"position": 10
								},
								{
									"type": "label",
									"name": "customResourceProvider",
									"value": "fonts/syhtn.woff2",
									"isInheritable": false,
									"position": 20
								}
							],
							"dataFileName": "SourceHanSansSC-Normal.woff2"
						},
						{
							"isClone": false,
							"noteId": "UluTZ0Qsuc1G",
							"notePath": [
								"czH8B4ELv65p",
								"rRcdpfa4XpRW",
								"UluTZ0Qsuc1G"
							],
							"title": "SourceHanSansSC-Bold.woff2",
							"notePosition": 10,
							"prefix": "",
							"isExpanded": false,
							"type": "file",
							"mime": "font/woff2",
							"attributes": [
								{
									"type": "label",
									"name": "originalFileName",
									"value": "SourceHanSansSC-Bold.woff2",
									"isInheritable": false,
									"position": 10
								},
								{
									"type": "label",
									"name": "customResourceProvider",
									"value": "fonts/syhtb.woff2",
									"isInheritable": false,
									"position": 20
								}
							],
							"dataFileName": "SourceHanSansSC-Bold.woff2"
						},
						{
							"isClone": false,
							"noteId": "tiYYmwUxyDpb",
							"notePath": [
								"czH8B4ELv65p",
								"rRcdpfa4XpRW",
								"tiYYmwUxyDpb"
							],
							"title": "SourceHanSansSC-Medium.woff2",
							"notePosition": 50,
							"prefix": null,
							"isExpanded": false,
							"type": "file",
							"mime": "font/woff2",
							"attributes": [
								{
									"type": "label",
									"name": "customResourceProvider",
									"value": "fonts/syhtm.woff2",
									"isInheritable": false,
									"position": 10
								},
								{
									"type": "label",
									"name": "originalFileName",
									"value": "SourceHanSansSC-Medium.woff2",
									"isInheritable": false,
									"position": 20
								}
							],
							"dataFileName": "SourceHanSansSC-Medium.woff2"
						},
						{
							"isClone": false,
							"noteId": "bI5cawPHgUbE",
							"notePath": [
								"czH8B4ELv65p",
								"rRcdpfa4XpRW",
								"bI5cawPHgUbE"
							],
							"title": "SourceHanSansSC-Heavy.woff2",
							"notePosition": 60,
							"prefix": null,
							"isExpanded": false,
							"type": "file",
							"mime": "font/woff2",
							"attributes": [
								{
									"type": "label",
									"name": "customResourceProvider",
									"value": "fonts/syhth.woff2",
									"isInheritable": false,
									"position": 10
								},
								{
									"type": "label",
									"name": "originalFileName",
									"value": "SourceHanSansSC-Heavy.woff2",
									"isInheritable": false,
									"position": 20
								}
							],
							"dataFileName": "SourceHanSansSC-Heavy.woff2"
						}
					]
				}
			]
		},
		{
			"noImport": true,
			"dataFileName": "navigation.html"
		},
		{
			"noImport": true,
			"dataFileName": "index.html"
		},
		{
			"noImport": true,
			"dataFileName": "style.css"
		}
	]
}